Date;Regime-Aware;60/40
1970-12-31;1.0;1.0
1971-01-31;1.0272288824424984;1.0397755427527582
1971-02-28;1.0339292660774195;1.0458873143296625
1971-03-31;1.0686647201473833;1.0920019217217567
1971-04-30;1.0547156434844303;1.0989683536966735
1971-05-31;1.0454642125357236;1.0633620739981042
1971-06-30;1.0326112707894237;1.055314308550003
1971-07-31;1.0091910530414967;1.0264689982113104
1971-08-31;1.0484692982561064;1.0701669438584056
1971-09-30;1.0507824075396408;1.0776233627020808
1971-10-31;1.0325719624912302;1.0572613251256697
1971-11-30;1.031744212252727;1.055689682475946
1971-12-31;1.0833950889129242;1.1137176524747758
1972-01-31;1.0954994629587858;1.1209398434126507
1972-02-29;1.11928118258197;1.1420308896606073
1972-03-31;1.1224866619365588;1.1454668545431195
1972-04-30;1.1281126687611036;1.1500850832963967
1972-05-31;1.1556364548446925;1.1676837513855776
1972-06-30;1.1567391526123119;1.1510291129005699
1972-07-31;1.1676393348167013;1.1561072047255447
1972-08-31;1.1857658020658102;1.1713920778759634
1972-09-30;1.1785740803308702;1.1660053055062456
1972-10-31;1.1894128068578542;1.1799404416818489
1972-11-30;1.2212874148444408;1.2196904048836235
1972-12-31;1.2322755647914931;1.2258513295572124
1973-01-31;1.2257957423888537;1.2108110865327273
1973-02-28;1.2398303954861882;1.182355190564183
1973-03-31;1.2816627083984764;1.1805628833330453
1973-04-30;1.2810156580020569;1.1554466040618125
1973-05-31;1.3040655846898108;1.1365055995281104
1973-06-30;1.3564020901668734;1.1342849256373964
1973-07-31;1.3494349100965972;1.1453003078496975
1973-08-31;1.2926897049888428;1.1295701743892363
1973-09-30;1.2828115678837653;1.1722926502113213
1973-10-31;1.2727608495786715;1.1812598605451168
1973-11-30;1.247705280217533;1.1039596988639069
1973-12-31;1.3238107770176828;1.1100372498324045
1974-01-31;1.4586671580930548;1.1023613295430825
1974-02-28;1.556626540331296;1.1021844354047192
1974-03-31;1.616528519636042;1.0754689652663998
1974-04-30;1.6181641505264377;1.044404205025321
1974-05-31;1.5857804589657347;1.030750561533168
1974-06-30;1.5438824329585554;1.0203248768671365
1974-07-31;1.4940863802533513;0.9672148393720014
1974-08-31;1.4959806421346928;0.9106149306383776
1974-09-30;1.477420991898869;0.8528617724574497
1974-10-31;1.5383674142817518;0.9426702262992797
1974-11-30;1.5808566836383937;0.9195902180092064
1974-12-31;1.5948064330064171;0.9179400659957401
1975-01-31;1.6027549542227193;0.9840454230487691
1975-02-28;1.630967980106791;1.0240842213237873
1975-03-31;1.6045495515686747;1.0223091089124672
1975-04-30;1.5835888529840056;1.0443271852045033
1975-05-31;1.614932367566552;1.083968412093933
1975-06-30;1.6379618043316626;1.1184839974963805
1975-07-31;1.6258921607838477;1.06753774575175
1975-08-31;1.6089636842462685;1.0542356131842323
1975-09-30;1.5618337008312841;1.02853479729533
1975-10-31;1.6397742005645033;1.088645481866781
1975-11-30;1.6524263607041518;1.0997122285450354
1975-12-31;1.663111655243045;1.1086665404754064
1976-01-31;1.758909223407699;1.1888150742892791
1976-02-29;1.7580873595072293;1.1849164511834283
1976-03-31;1.7936752040045563;1.2139926248588184
1976-04-30;1.7849303576129423;1.2086958099231673
1976-05-31;1.758823265732739;1.190274801407341
1976-06-30;1.8032361631640612;1.2264851028380148
1976-07-31;1.7822645007530884;1.223771535363012
1976-08-31;1.775538450897979;1.2311073368196943
1976-09-30;1.825716364667583;1.2553271646312831
1976-10-31;1.8585609318494396;1.246987622472576
1976-11-30;1.9151784535437937;1.2608678379173643
1976-12-31;1.9593802635710438;1.3116604666558156
1977-01-31;1.9012169122557325;1.250655307175758
1977-02-28;1.90021801092893;1.2217190901088244
1977-03-31;1.9475433636342694;1.2296832317823365
1977-04-30;1.9363798866069513;1.2316962311491153
1977-05-31;1.911552766460311;1.2201050911007847
1977-06-30;1.925309609057439;1.263388961826731
1977-07-31;1.908077132260157;1.2453041380978145
1977-08-31;1.9069497386510625;1.2451598451041674
1977-09-30;1.9236852769867436;1.234439768652998
1977-10-31;1.8990600194690685;1.1971101491859857
1977-11-30;1.9317826113478758;1.2222086215876973
1977-12-31;1.9298939184754582;1.2184553820575441
1978-01-31;1.8738244450265733;1.1704436131027396
1978-02-28;1.8666030880176747;1.1524213452898242
1978-03-31;1.8896278837162996;1.1687094684921697
1978-04-30;1.9270794805451625;1.2284269147766933
1978-05-31;1.9918304538276699;1.228275289585468
1978-06-30;1.9692752505156257;1.2105895820749388
1978-07-31;2.07061476595458;1.2555559393441555
1978-08-31;2.126849947251914;1.2855422703848631
1978-09-30;2.1363734331985125;1.2765889153708814
1978-10-31;2.083942963073069;1.193995639850257
1978-11-30;2.011051719285392;1.2133183462358095
1978-12-31;2.1003646091833534;1.2166044905211537
1979-01-31;2.1728361282223756;1.2571737989751361
1979-02-28;2.168888494328729;1.2245963265286615
1979-03-31;2.210364243588752;1.2712199391175714
1979-04-30;2.220937002152949;1.2666823057694836
1979-05-31;2.2725691353806585;1.262497651722069
1979-06-30;2.3317370201082994;1.3057874914666288
1979-07-31;2.3978656338575823;1.308180525679583
1979-08-31;2.4725061848989465;1.3442262926664885
1979-09-30;2.7462005723382266;1.3398288803877456
1979-10-31;2.6588192288394716;1.2366484664483353
1979-11-30;2.778806449412299;1.2863212510242086
1979-12-31;3.072601234354937;1.305775513202173
1980-01-31;3.4410873174285594;1.3229944664152855
1980-02-29;3.3407816131582306;1.2611266093757902
1980-03-31;3.0383452060810674;1.1926870977521995
1980-04-30;3.1756593573043363;1.3039640672051833
1980-05-31;3.251189397108098;1.3667654216272924
1980-06-30;3.5893675207671425;1.4005918859877258
1980-07-31;3.508144373929776;1.4306847080664908
1980-08-31;3.437385279852876;1.4057300290622918
1980-09-30;3.464462128957809;1.4185875293341883
1980-10-31;3.3836618432049934;1.4112089243870263
1980-11-30;3.4177547436143842;1.4921295322152592
1980-12-31;3.4276586994626506;1.4821279038992423
1981-01-31;3.31875695027623;1.4358462486987789
1981-02-28;3.232720501425958;1.419862938965362
1981-03-31;3.3387395939294127;1.4707009839238783
1981-04-30;3.2172072728367613;1.4120145494251102
1981-05-31;3.278677556008875;1.4454462798472303
1981-06-30;3.210912297944923;1.4264984620162124
1981-07-31;3.148514721627077;1.3953464006338157
1981-08-31;3.011254850461965;1.3180559192502381
1981-09-30;2.9019451232173386;1.264411262370833
1981-10-31;3.034534197660724;1.3595535455267658
1981-11-30;3.147951566275771;1.4649618451366158
1981-12-31;3.0334363306995455;1.4063622294686602
1982-01-31;3.0223193716302537;1.3909556309238382
1982-02-28;3.0042875113274796;1.3518970631611305
1982-03-31;2.9400279988904665;1.343520812980512
1982-04-30;3.075694102601425;1.3956107645071647
1982-05-31;3.038825131512967;1.3764596911191909
1982-06-30;2.971410576928214;1.3347204629838196
1982-07-31;3.119529184978121;1.3561197133936582
1982-08-31;3.433375032563818;1.4956580254871492
1982-09-30;3.5939349402438494;1.5626620123761974
1982-10-31;3.882149162572295;1.7252060251671508
1982-11-30;3.913874810829735;1.7643546043164033
1982-12-31;4.0242803308104795;1.8098450832673376
1983-01-31;4.090632151506555;1.828544816896104
1983-02-28;4.056194855971186;1.8875974086218166
1983-03-31;4.059464829218652;1.9106786001604814
1983-04-30;4.286560738828038;2.0250147454738086
1983-05-31;4.225808254473663;1.983347943402447
1983-06-30;4.290379527172646;2.0262084185871916
1983-07-31;4.150184419972829;1.9391673906253095
1983-08-31;4.167067650718658;1.9490917451062135
1983-09-30;4.245657454762472;2.003740166051296
1983-10-31;4.165373445763433;1.972394430378188
1983-11-30;4.259067011610822;2.008838057842662
1983-12-31;4.207322837695474;1.9924307766428158
1984-01-31;4.1891230084334685;1.9994488854033454
1984-02-29;4.134826213164901;1.9345742928087284
1984-03-31;4.128823081747557;1.9326645125473076
1984-04-30;4.1007246019512;1.9270609861201162
1984-05-31;3.948928675552997;1.806956086408252
1984-06-30;3.965317904723771;1.8321890914329357
1984-07-31;3.9315010388906653;1.881621554025772
1984-08-31;4.114056797307034;2.0155390858282347
1984-09-30;4.158584367886087;2.0421197875899106
1984-10-31;4.268128986372403;2.0967645929495555
1984-11-30;4.316803516872309;2.1003641849556223
1984-12-31;4.31176880439959;2.1375732410816912
1985-01-31;4.4387138614267;2.2644181741663387
1985-02-28;4.319886434173549;2.233948776976468
1985-03-31;4.461218619303599;2.2565587188515797
1985-04-30;4.507931218692725;2.2782039614600387
1985-05-31;4.747564862448958;2.4458925266993354
1985-06-30;4.795662233910767;2.4787418521655553
1985-07-31;4.735621007161239;2.454013801784182
1985-08-31;4.802338725212794;2.4642064512205124
1985-09-30;4.7455713201604555;2.4208264099084342
1985-10-31;4.84136557862426;2.516978421362352
1985-11-30;4.9592029327411655;2.6546158518366862
1985-12-31;5.124259038353395;2.784656696141338
1986-01-31;5.199187458896195;2.7913510465703335
1986-02-28;5.412024143124076;3.0040368452315764
1986-03-31;5.701869320784867;3.185530582896073
1986-04-30;5.673148401493225;3.1672048297711584
1986-05-31;5.608482719262107;3.1997819231118854
1986-06-30;5.769667481801698;3.3122506850786912
1986-07-31;5.761691107959009;3.2085943865217263
1986-08-31;5.998380710710269;3.3904724413032765
1986-09-30;5.943809758186458;3.171046295664834
1986-10-31;5.992865488912455;3.293205445020696
1986-11-30;5.995717609772077;3.3633102326498836
1986-12-31;5.964021723779761;3.304892203856195
1987-01-31;6.114357399925892;3.578901679101132
1987-02-28;6.1817079303637685;3.668929721925301
1987-03-31;6.240929835903628;3.692028253803614
1987-04-30;6.376522462735081;3.601916396467664
1987-05-31;6.372032122769454;3.5923914705243174
1987-06-30;6.407637656337906;3.716877773480931
1987-07-31;6.601623818352925;3.8012534283720862
1987-08-31;6.653311608323451;3.8540847850319007
1987-09-30;6.544770079296777;3.7350343537787354
1987-10-31;5.936521971733231;3.3466271746595613
1987-11-30;5.743939812679439;3.1747988961519917
1987-12-31;5.935117776708076;3.3346147183283126
1988-01-31;6.059556936808087;3.491157139198991
1988-02-29;6.100196956852402;3.6003611667337037
1988-03-31;5.981008541356798;3.493501359893663
1988-04-30;5.967822861220698;3.4849169029711455
1988-05-31;5.96958651962286;3.4729532158323995
1988-06-30;6.154728194819803;3.6049000515990883
1988-07-31;6.133877375530207;3.5773278103800927
1988-08-31;6.025151537654122;3.4904113777057897
1988-09-30;6.087332431223351;3.618359223079644
1988-10-31;6.228547326578008;3.71956702696531
1988-11-30;6.142395817273475;3.640074304827147
1988-12-31;6.1538389278694225;3.6735005076687517
1989-01-31;6.182997738046128;3.859997224439397
1989-02-28;6.064731498637535;3.76606784435684
1989-03-31;6.1147666306638575;3.827162388042829
1989-04-30;6.27516762002812;3.981430441625215
1989-05-31;6.392357708892577;4.136079013969683
1989-06-30;6.477811440649337;4.198848678394579
1989-07-31;6.462062038239927;4.469842249439668
1989-08-31;6.445650353455949;4.460219082541159
1989-09-30;6.440712404330309;4.449983831964476
1989-10-31;6.565306546353578;4.449500115069425
1989-11-30;6.721864183940418;4.517245470291304
1989-12-31;6.680383352993138;4.571384685435792
1990-01-31;6.546173959314991;4.325346472443066
1990-02-28;6.513512907488543;4.346266724579261
1990-03-31;6.251633615845102;4.4062046576929665
1990-04-30;6.187760357031945;4.293062242736093
1990-05-31;6.258448507668527;4.601954590151098
1990-06-30;6.264282357680595;4.618339909565509
1990-07-31;6.369937923650147;4.627337110292227
1990-08-31;6.221799090938404;4.304986845729313
1990-09-30;6.341282664850816;4.192511411799018
1990-10-31;6.113863846689272;4.211992906826832
1990-11-30;6.2282092611836175;4.425426084678492
1990-12-31;6.259251697230536;4.529903274586345
1991-01-31;6.154976304641584;4.663644073711006
1991-02-28;6.215914370382663;4.860480124743893
1991-03-31;6.3143616630472;4.933894358400705
1991-04-30;6.350662238480348;4.955769483820224
1991-05-31;6.423111835552255;5.076432241529697
1991-06-30;6.413771332558298;4.917075923593342
1991-07-31;6.454900412658776;5.0755317892530725
1991-08-31;6.527391066208512;5.203579427421223
1991-09-30;6.618705256696436;5.220003341307385
1991-10-31;6.6569956486434;5.267598842901571
1991-11-30;6.669795985384407;5.156064325806837
1991-12-31;6.886384478553638;5.628490692044124
1992-01-31;6.747739838270726;5.472524544653732
1992-02-29;6.804515755612776;5.521406479056307
1992-03-31;6.6695618752607455;5.413818030922261
1992-04-30;6.765091806264444;5.5084980060146265
1992-05-31;6.802595659919322;5.572783938284853
1992-06-30;6.810071865124786;5.563725889274863
1992-07-31;7.040428492227101;5.782856605312918
1992-08-31;6.884717737101249;5.732031276977576
1992-09-30;7.001387064927001;5.822251761496286
1992-10-31;6.958900666161572;5.762217548739554
1992-11-30;7.022713170205477;5.852744002409032
1992-12-31;7.117146059322038;5.949224235077321
1993-01-31;7.2092935199871935;6.050649965396025
1993-02-28;7.284105468833402;6.168006799320676
1993-03-31;7.403256658134264;6.248789516567927
1993-04-30;7.51296920127456;6.169043702297828
1993-05-31;7.632190639866807;6.237995089867237
1993-06-30;7.81450694153323;6.329105770697912
1993-07-31;8.12230162133272;6.31479092197755
1993-08-31;8.143579916988555;6.53099362407072
1993-09-30;8.083627803659628;6.517542882383382
1993-10-31;8.204408757983744;6.595702504380577
1993-11-30;8.100273321713164;6.475020890753404
1993-12-31;8.235643621755239;6.531969456126561
1994-01-31;8.292988612308664;6.703914018650628
1994-02-28;8.102327030416664;6.49310431480724
1994-03-31;7.8946674491518305;6.2045000018184435
1994-04-30;7.8689362366510105;6.201691008586503
1994-05-31;7.939791575714883;6.241622796433261
1994-06-30;7.789739994300799;6.121832126140575
1994-07-31;7.973930538020538;6.29369848019935
1994-08-31;8.140097158563183;6.4381400685609
1994-09-30;8.017307945121264;6.262386060312964
1994-10-31;8.025633506854131;6.316136234486821
1994-11-30;7.864818877476422;6.162927813234531
1994-12-31;7.941621478771116;6.241266568091441
1995-01-31;7.910277832818774;6.397021278254499
1995-02-28;8.102923975359408;6.630543055296854
1995-03-31;8.222036021749547;6.75624429011898
1995-04-30;8.308217828255072;6.916439583054806
1995-05-31;8.446117600702237;7.258969486156803
1995-06-30;8.461565214514803;7.385723389879089
1995-07-31;8.44720201868989;7.489544266494885
1995-08-31;8.537937715486473;7.538361464255968
1995-09-30;8.633032921094095;7.760212949210291
1995-10-31;8.690928883832548;7.7934928623749204
1995-11-30;8.910963460923222;8.071389198301436
1995-12-31;9.005159770995412;8.215239645565225
1996-01-31;9.19832857506286;8.389171186597231
1996-02-29;9.000369243270736;8.303318382923491
1996-03-31;8.935858059972654;8.299312276793168
1996-04-30;8.908963848982001;8.293777032989533
1996-05-31;8.900735317854654;8.377968110584566
1996-06-30;8.826036569316061;8.44644856978712
1996-07-31;8.65096722423423;8.211134313668012
1996-08-31;8.720876908393985;8.283488281912197
1996-09-30;8.963260424010652;8.636091687802292
1996-10-31;9.138625592727227;8.892754979685762
1996-11-30;9.491054602124425;9.387931342697359
1996-12-31;9.318424094472268;9.174931310304146
1997-01-31;9.480859105922047;9.509857602464809
1997-02-28;9.627148887327085;9.546653442108958
1997-03-31;9.297530179489545;9.217594081802407
1997-04-30;9.634779177281716;9.616765607388325
1997-05-31;9.978105373274328;9.994489472238406
1997-06-30;10.244821266981582;10.328401207851243
1997-07-31;10.601334147239418;10.99949478496455
1997-08-31;10.38775815813338;10.52837825719195
1997-09-30;10.633213287062238;10.966610941507728
1997-10-31;10.43675175730244;10.858485824265069
1997-11-30;10.660350068230333;11.15516114845077
1997-12-31;10.783895540275122;11.329648921260464
1998-01-31;10.977244145711762;11.507020087872718
1998-02-28;11.37017190419536;11.971638835864859
1998-03-31;11.706122648871425;12.340588426066724
1998-04-30;11.788183120189856;12.424342704183951
1998-05-31;11.668539949526789;12.355010170072209
1998-06-30;11.987580077404086;12.712305726485706
1998-07-31;11.856674465445044;12.62729676919032
1998-08-31;11.564265999077174;11.759186476179089
1998-09-30;12.038907000073047;12.432505173472267
1998-10-31;11.950853465129715;12.976687372414155
1998-11-30;12.10224786227923;13.411884950072356
1998-12-31;12.181217225632906;13.915014988963328
1999-01-31;12.472723182755082;14.277626247273291
1999-02-28;12.17388577168996;13.739562742160981
1999-03-31;12.33108835201617;14.103403851645492
1999-04-30;12.632071536215253;14.40148219276579
1999-05-31;12.26027398865547;14.086413885371542
1999-06-30;12.489083600584923;14.502117437875294
1999-07-31;12.202284084234792;14.194399361809714
1999-08-31;12.193933620046606;14.13870862772508
1999-09-30;13.070799280520076;13.966857377354891
1999-10-31;13.33664087790745;14.452968417124428
1999-11-30;13.350750037539365;14.57053740726441
1999-12-31;13.525831612259617;14.990367340122981
2000-01-31;13.117048133394533;14.458642443367877
2000-02-29;13.159544310291372;14.43590513700004
2000-03-31;13.745864585971326;15.494419336381617
2000-04-30;13.702510451597824;15.13680439011486
2000-05-31;13.597315120949784;14.940116573618587
2000-06-30;14.029534586963047;15.302152849725719
2000-07-31;13.798432725267858;15.182881382481686
2000-08-31;14.325695956735972;15.916732554131576
2000-09-30;13.896408208491954;15.397237136340395
2000-10-31;13.918448018143865;15.406466606863576
2000-11-30;13.967172964540946;14.836858271432892
2000-12-31;13.935909004927117;15.071262553452023
2001-01-31;13.989677672809057;15.409189801727289
2001-02-28;13.677286922712504;14.690555790983472
2001-03-31;13.547709651762968;14.138744689736022
2001-04-30;13.543222214120988;14.626083210503353
2001-05-31;13.63698051218927;14.676684653932115
2001-06-30;13.735225587257224;14.468285563420038
2001-07-31;13.861243981253557;14.568844899214701
2001-08-31;13.895110559101914;14.137356157175633
2001-09-30;14.080331976640949;13.57830962111439
2001-10-31;14.245058942456295;13.903277024957005
2001-11-30;14.110431422977387;14.323166204720549
2001-12-31;14.04562685536763;14.275435383261815
2002-01-31;14.151205101861828;14.1743793623179
2002-02-28;14.347296874230501;14.092648894779076
2002-03-31;14.212736060816917;14.196712067599103
2002-04-30;13.865921423389178;13.842162877186029
2002-05-31;13.88931144824492;13.808832943480274
2002-06-30;13.34921252603388;13.341448220281789
2002-07-31;12.85670049738023;12.876433479494931
2002-08-31;13.058649915203873;13.065835400135802
2002-09-30;12.577911245590586;12.454599303466525
2002-10-31;12.819985584740714;12.997975319403736
2002-11-30;13.133201468526721;13.331376227929546
2002-12-31;13.109807409944738;13.035931014026257
2003-01-31;13.084672342937301;12.777310339429691
2003-02-28;12.876742170594227;12.776512568667044
2003-03-31;12.796309899409199;12.813007693326327
2003-04-30;12.864049234613068;13.435936593373977
2003-05-31;13.34915008145441;14.067296856327337
2003-06-30;13.213086608753338;14.114457778372081
2003-07-31;13.073390786894976;13.878889562563048
2003-08-31;13.323507088162073;14.02235932834137
2003-09-30;13.483485225174013;14.183410083699842
2003-10-31;13.786246549809327;14.510728374397997
2003-11-30;13.873528049993114;14.575519120673867
2003-12-31;14.339510228805757;15.080812037804646
2004-01-31;14.487685443429658;15.31353469959376
2004-02-29;14.634417793219617;15.52607654483842
2004-03-31;14.67983863255532;15.46229902016207
2004-04-30;14.215511910595437;15.002954023205904
2004-05-31;14.348446249779366;15.066602211599907
2004-06-30;14.491255638507447;15.284556268254613
2004-07-31;14.471674632946183;15.04542649321838
2004-08-31;14.841843919301498;15.263190430325814
2004-09-30;14.93667010201863;15.36857033478349
2004-10-31;15.051245846685017;15.566233479037999
2004-11-30;15.259040837046815;15.78732110757589
2004-12-31;15.116208377053967;16.184170209887288
2005-01-31;14.980873481458952;16.008215279956573
2005-02-28;15.068240910747214;16.085646897842015
2005-03-31;14.982379281607273;15.870817988286072
2005-04-30;14.967913093427805;15.84876070198233
2005-05-31;15.136623538050834;16.2665009673767
2005-06-30;15.252941891340123;16.322180263587068
2005-07-31;15.420791876450368;16.508699992073904
2005-08-31;15.443772610120549;16.561004164611234
2005-09-30;15.751607852126453;16.489679353308404
2005-10-31;15.640508529598833;16.219369081884523
2005-11-30;16.211199936645173;16.621042762543553
2005-12-31;16.58214040235097;16.685970961998343
2006-01-31;17.25233992848468;16.899482823127784
2006-02-28;17.21167562349632;16.910098627855348
2006-03-31;17.288230971832032;16.889513046832864
2006-04-30;17.52992867656969;16.931262018109077
2006-05-31;17.345999394080668;16.608886122314928
2006-06-30;17.02345311718464;16.62863317491377
2006-07-31;17.272877283572363;16.79187979398162
2006-08-31;17.494062771037687;17.171657257013397
2006-09-30;17.575280153471255;17.50597230789131
2006-10-31;17.740000317300595;17.88046697870113
2006-11-30;18.085902851356693;18.165055812358794
2006-12-31;17.938565140712424;18.188957138400355
2007-01-31;18.059460387260398;18.309562352013216
2007-02-28;18.26940380039343;18.242165414027085
2007-03-31;18.22295516270414;18.33341430204358
2007-04-30;18.421910266069872;18.85097201368245
2007-05-31;18.247491053577324;19.089485563574232
2007-06-30;18.03419127880211;18.833569493101955
2007-07-31;18.194635442249563;18.67775424381587
2007-08-31;18.40600370483287;18.97759753481829
2007-09-30;18.77684433521166;19.379096584994052
2007-10-31;19.19918211107504;19.65313053996173
2007-11-30;18.873677330707316;19.50490252715243
2007-12-31;19.08774940343883;19.376456333165574
2008-01-31;19.160286930650877;18.962345904373002
2008-02-29;19.093125861748863;18.64063548050864
2008-03-31;18.773809190315625;18.65541913908949
2008-04-30;18.462918624004608;19.021075093989015
2008-05-31;18.5056472257495;18.967205042237754
2008-06-30;18.512110479762335;18.06970660196171
2008-07-31;18.459935600087622;17.999914145643203
2008-08-31;18.04251769522858;18.233168598766714
2008-09-30;18.39604022006209;17.256203124431103
2008-10-31;17.018001279411305;15.45280395161814
2008-11-30;18.05467533097405;15.309784451384198
2008-12-31;18.74192569399655;15.752446657929536
2009-01-31;18.415512458782725;14.64536919712401
2009-02-28;18.129145964237555;13.612786656291254
2009-03-31;18.473399850532658;14.478568595588989
2009-04-30;18.271460736036243;15.09979160518016
2009-05-31;18.39860871474853;15.433879242551978
2009-06-30;18.201279496028654;15.417436980988622
2009-07-31;18.516353131482028;16.14763698843378
2009-08-31;18.68032178052939;16.534168388576983
2009-09-30;19.04347832345741;16.956137603939336
2009-10-31;19.08394329144736;16.731934373693594
2009-11-30;19.853783026067052;17.426325472294934
2009-12-31;19.278207037718044;17.282911643822462
2010-01-31;18.963229889491696;17.062513435539174
2010-02-28;19.406940346338907;17.359918341373472
2010-03-31;19.91297914153088;17.875311327754115
2010-04-30;20.43183696715617;18.15571306295558
2010-05-31;19.949306518860286;17.501814103176077
2010-06-30;19.637548585022852;17.155873801150815
2010-07-31;20.2588451471607;17.894834551369225
2010-08-31;20.095331229623802;17.65698999307345
2010-09-30;21.099769881078082;18.575638965590773
2010-10-31;21.558071124996342;18.948930863295676
2010-11-30;21.540856044041707;18.82043951164039
2010-12-31;22.10346302254157;19.281803068246706
2011-01-31;21.427284948314043;19.517648129284034
2011-02-28;21.999117758243834;19.878406242107438
2011-03-31;22.0668059502105;19.86125213177406
2011-04-30;22.906960597417548;20.341549015238385
2011-05-31;22.921460429097312;20.347146015935717
2011-06-30;22.590532518151107;20.080597609893466
2011-07-31;23.516100111594124;20.080042967788547
2011-08-31;24.92215477119226;19.790435675407483
2011-09-30;24.0102047805823;19.150289539772974
2011-10-31;24.623562044607535;20.279897843649646
2011-11-30;25.02144562305402;20.262078074565288
2011-12-31;24.834378340258144;20.505132657071208
2012-01-31;25.602183430584486;21.106116327929943
2012-02-29;25.453311592382605;21.516418899483188
2012-03-31;25.280494406567595;21.772438540601687
2012-04-30;25.362434480666238;21.89840231118622
2012-05-31;24.63004004680709;21.341926570727566
2012-06-30;25.16145012971767;21.800225729659612
2012-07-31;25.496245853006176;22.10125367197654
2012-08-31;25.833637298686966;22.31738389354653
2012-09-30;26.237920084432414;22.592853566518382
2012-10-31;25.87388435841647;22.29606259415218
2012-11-30;25.957065347006218;22.400007924243116
2012-12-31;25.79860073260703;22.405967409091907
2013-01-31;26.050174570021884;22.93530269015585
2013-02-28;25.766295326122002;23.183231728260704
2013-03-31;26.090264611046223;23.71836457341392
2013-04-30;25.91441992667637;24.12551427412542
2013-05-31;25.313491779057706;24.093113084081583
2013-06-30;24.351841805047215;23.621446358652502
2013-07-31;25.12760041539964;24.273862715819384
2013-08-31;25.624913306351143;23.678796071134496
2013-09-30;25.6177129105608;24.25605530889481
2013-10-31;26.285227640218814;24.96959064960998
2013-11-30;26.45778194890773;25.26011017462163
2013-12-31;26.52085333529096;25.4134571331782
2014-01-31;26.38581473657504;25.213483582010994
2014-02-28;27.173924139240697;25.885079295662234
2014-03-31;27.169873175260282;25.957427448799557
2014-04-30;27.24964438490795;26.13756982032892
2014-05-31;27.072292712163414;26.633525396753924
2014-06-30;27.818450965019544;26.91370615199536
2014-07-31;27.500644481191234;26.66932027313306
2014-08-31;27.865840759966517;27.479307756353705
2014-09-30;27.266094955731514;27.11756443425798
2014-10-31;27.477966310140577;27.651529572894354
2014-11-30;27.98819599548136;28.232637427984912
2014-12-31;28.005059254886405;28.17554788162768
2015-01-31;28.753662984180096;28.15900718395609
2015-02-28;28.738492410910478;28.788578995471806
2015-03-31;28.58873505202687;28.571782654522565
2015-04-30;28.609579723491404;28.637281857987343
2015-05-31;28.7776991031704;28.755019797394578
2015-06-30;28.236577975385572;28.20148829701818
2015-07-31;28.52077843400087;28.714797839240173
2015-08-31;27.853950703746033;27.622783605949888
2015-09-30;27.463150484427835;27.3661172551126
2015-10-31;27.996213673688917;28.65540307322018
2015-11-30;27.358709741538753;28.626091777332903
2015-12-31;27.14560314909126;28.28811031845059
2016-01-31;27.896031959770017;27.76797690977019
2016-02-29;29.231766632089847;27.883583088539506
2016-03-31;29.08463279724544;28.973448785281864
2016-04-30;29.600750839310162;28.977707776578217
2016-05-31;29.06719467694371;29.25035852918504
2016-06-30;30.422347630098393;29.641255998861503
2016-07-31;30.80199507994076;30.304844134176697
2016-08-31;30.490311507758886;30.174878345108926
2016-09-30;30.515505894253906;30.154523154877346
2016-10-31;30.042488243860507;29.59802083589489
2016-11-30;29.564283299224996;29.70784521134312
2016-12-31;29.611942145789314;29.99571747648461
2017-01-31;30.253407562851653;30.333585171305607
2017-02-28;31.119207851003633;31.096894940708058
2017-03-31;31.119679602790708;31.116893438772667
2017-04-30;31.425782556156026;31.418563018807752
2017-05-31;31.628858570581556;31.73871131441797
2017-06-30;31.47443544044983;31.751596686394052
2017-07-31;31.85973186353643;32.1542472451607
2017-08-31;32.15111122015955;32.37291890895484
2017-09-30;32.24935370284964;32.54813740490536
2017-10-31;32.63106711571246;32.95924894846076
2017-11-30;33.113864128982925;33.50871159274112
2017-12-31;33.456235941408224;33.73790539685558
2018-01-31;34.468353022451666;34.58234988497348
2018-02-28;33.584095708520415;33.63420879829557
2018-03-31;33.24817728202794;33.255319373633725
2018-04-30;33.166740879050046;33.11381483827114
2018-05-31;33.523930502976484;33.67622301386032
2018-06-30;33.33270619427742;33.80453984596689
2018-07-31;33.70818279026993;34.45993708070676
2018-08-31;34.14079281879355;35.22967516034046
2018-09-30;34.04839202567615;35.12937035606449
2018-10-31;33.86927245683727;33.610127404567535
2018-11-30;34.29763354757877;34.17382691762708
2018-12-31;34.57972202722268;32.66193832256602
2019-01-31;35.27954902910374;34.29065177741382
2019-02-28;35.3446821821901;34.83862341578938
2019-03-31;35.87249282644248;35.59444361089125
2019-04-30;35.943242486700285;36.35272528141776
2019-05-31;36.314537168411775;35.39331990570466
2019-06-30;37.3846279954468;37.0181368359975
2019-07-31;37.72257695155631;37.32345456871864
2019-08-31;38.431651071542746;37.57443378345687
2019-09-30;38.37474606097413;37.779194582514414
2019-10-31;38.86410980576154;38.231409709676655
2019-11-30;39.421951703432676;38.93054498988011
2019-12-31;40.22920896327863;39.44581060392655
2020-01-31;40.975158312646535;39.95888708146718
2020-02-29;39.493461345229385;38.42655782307032
2020-03-31;37.30394882774853;36.15623679574325
2020-04-30;38.58456345393206;38.95100987402546
2020-05-31;38.99739979247499;40.00100357185813
2020-06-30;39.28191801870446;40.44655835037099
2020-07-31;40.43447927150372;41.95893235033918
2020-08-31;40.4733140969182;43.494675602611764
2020-09-30;40.058290766295684;42.510142306095574
2020-10-31;39.58161783563771;41.55797116994895
2020-11-30;39.723593209138414;44.29804120119126
2020-12-31;40.258452699309785;45.19204220461212
2021-01-31;39.791027080823724;44.68483610916504
2021-02-28;38.96119242567456;44.92110639729733
2021-03-31;38.748733426431606;45.60977178648193
2021-04-30;40.154820795754766;47.23872721076365
2021-05-31;41.04585611123992;47.46765867136936
2021-06-30;40.91960973677926;48.318305751485454
2021-07-31;41.806338685009;49.38483770219559
2021-08-31;42.37013929082159;50.12771430223692
2021-09-30;40.957129188094605;48.4344510987057
2021-10-31;42.492593205297524;50.36764099122776
2021-11-30;42.389569011213794;50.31629988595343
2021-12-31;43.59901475835465;51.55150234825308
2022-01-31;42.95217914469453;49.515548134846696
2022-02-28;44.01825859761753;48.536780250657884
2022-03-31;44.312606436261696;48.82664575600419
2022-04-30;43.63396521682963;45.378107120833285
2022-05-31;42.9736260478937;45.554329609948674
2022-06-30;42.5111193016373;43.059256546233634
2022-07-31;42.85709008911958;45.965225810512585
2022-08-31;42.01218647753338;44.05164846566867
2022-09-30;40.99780336223085;40.75483076890779
2022-10-31;41.03189911083116;42.47621420156087
2022-11-30;42.54029885152729;44.51476003478312
2022-12-31;41.89489280175929;42.61332194451126
2023-01-31;43.36843404813488;44.755856701268435
2023-02-28;42.2767663970563;43.524492423644574
2023-03-31;43.862095952454744;45.1375105043199
2023-04-30;44.24339890167797;45.65221256291454
2023-05-31;44.04978834112211;45.45267853192394
2023-06-30;44.602440181501244;46.99282970254467
2023-07-31;45.36238316514341;47.748142563365484
2023-08-31;44.78543456891035;47.07675063547192
2023-09-30;42.9862291564917;45.0797094335937
2023-10-31;42.474110085978346;44.04214861801126
2023-11-30;45.289160702923496;47.34209202877256
2023-12-31;46.945938692718705;49.355708744137154
2024-01-31;47.23592436840613;49.83772700132633
2024-02-29;48.278956150989934;50.917403205139614
2024-03-31;49.65775692054895;52.01863360838389
2024-04-30;48.67411483868637;50.00878855030729
2024-05-31;49.91129982884416;51.81979239938637
2024-06-30;50.78058088895462;53.14589914712115
2024-07-31;51.96459161050513;54.379269213124346
